{"cameraMode":{"drawMode":0,"name":"Shaded","section":"Shading Mode"},"sceneLighting":true,"audioPlay":false,"sceneViewState":{"showFog":true,"showMaterialUpdate":true,"showSkybox":true,"showFlares":true,"showImageEffects":true,"showParticleSystems":true},"in2DMode":false,"pivot":{"x":2.7026398181915285,"y":-0.024185657501220704,"z":-2.685309886932373},"rotation":{"x":0.09954790771007538,"y":-0.9004476070404053,"z":0.3008993864059448,"w":0.29789915680885317},"size":75.94200134277344,"orthographic":false}