{"cameraMode":{"drawMode":0,"name":"Shaded","section":"Shading Mode"},"sceneLighting":true,"audioPlay":false,"sceneViewState":{"showFog":true,"showMaterialUpdate":true,"showSkybox":true,"showFlares":true,"showImageEffects":true,"showParticleSystems":true},"in2DMode":false,"pivot":{"x":-5.947958946228027,"y":-16.185827255249025,"z":-8.068660736083985},"rotation":{"x":0.14375363290309907,"y":-0.8212077617645264,"z":0.2365868240594864,"w":0.4989783465862274},"size":163.75865173339845,"orthographic":false}